PartyName,PartyNameEnglish,Abbreviation,EstablishmentDate,MemberCount,Leadership,EstablishmentApprovalDate,RegistrationApplicationDate,RegistrationApprovalDate,ApprovedPartyNumber,PartyFlag,PartySeal,Chairman,Region,Headquarters,Contact,Policy
မြိုတိုင်းရင်းသားဖွံ့ဖြိုး​ရေးပါတီ,Mro National Development Party,MNDP,,,ဦးစံသာအောင်၊ ဦးလာဘွေ,,9.4.2010,28.4.2010,1,https://storage.googleapis.com/staticassets/political/1-flag.jpg,https://storage.googleapis.com/staticassets/political/1-logo.png,ဦးစံသာအောင်၊ ဦးလာဘွေ,ရခိုင်ပြည်နယ်နှင့် ချင်းပြည်နယ် ပလက်ဝမြို့။,အမှတ်(၂၀၂)၊စာတိုက်လမ်း၊ပြည်တော်သာ ရပ်ကွက်၊ ကျောက်တော်မြို့နယ်၊ရခိုင်ပြည်နယ်,09-421734508(ဥက္ကဌ) ,http://uecmyanmar.org/images/stories/policals_policies/1%20Mro%20or%20Khami%20National%20Solidarity%20Organization.pdf
တိုင်းရင်းသားစည်းလုံးညီညွတ်ရေးပါတီ,National Unity Party,,,,ဦးထွန်းရီ၊ ဦးသန်းတင်,,29.3.2010,29.4.2010,2,https://storage.googleapis.com/staticassets/political/2-flag.png,https://storage.googleapis.com/staticassets/political/2-logo.jpg,ဦးထွန်းရီ၊ ဦးသန်းတင်(ထွေ/မှူး),ပြည်ထောင်စုတစ်ဝန်းလုံး,အမှတ် (၂၄)၊ အောင်ဇေယျလမ်း၊ ရွှေတောင်ကြား(၁)ရပ်ကွက်၊ ဗဟန်းမြို့နယ်၊ ရန်ကုန်တိုင်းဒေသကြီး,"09-421109550, 01-537601, 01-557480, 01-554219(ဖက်စ်)",http://uecmyanmar.org/images/stories/policals_policies/2/2.1.pdf
လားဟူအမျိုးသားဖွံ့ဖြိုးတိုးတက်ရေးပါတီ,La Hu National Development Party,,,,ဦးကျဟားရှဲ၊ ဦးယောသပ်,,23.4.2010,29.4.2010,3,https://storage.googleapis.com/staticassets/political/3-flag.jpg,https://storage.googleapis.com/staticassets/political/3-logo.jpg, ဦးယောသပ်၊ ဦးသက်ဝင်း(ထွေ/မှူး),ရှမ်းပြည်နယ်အတွင်း,အမှတ်(၄၃)၊ လမ်းသွယ်(၄)၊ ပါရမီလမ်း၊ ရပ်ကွက်(၁)၊ လားရှိုးမြို့၊ ရှမ်းပြည်နယ်။    ,"09-49219672(ဦးယောသပ်), 082-22713, 082-231-6",http://uecmyanmar.org/images/stories/policals_policies/3La%20Hu%20National%20Development%20Party.pdf
ကိုးကန့်ဒီမိုကရေစီနှင့်ညီညွတ်ရေးပါတီ,Kokang Democracy and Unity Party,,,,ဦးလော်ဆင်ကွမ်း၊ ဦးခင်မောင်အေး,,30.4.2010,7.5.2010,4,https://storage.googleapis.com/staticassets/political/4-flag.jpg,https://storage.googleapis.com/staticassets/political/4-logo.jpg,ဦးထွန်းနိုင်၊ ဦးဇော်ထွန်း(တွင်း/မှူး-၁)			,ရှမ်းပြည်နယ်အတွင်း,အမှတ်(၂၆)၊ မြဝတီလမ်း၊ နယ်မြေ(၅)၊   ရပ်ကွက်(၁)၊လားရှိုးမြို့၊ ရှမ်းပြည်နယ်။,"09-5262195(ဦးလော်ဆင်ကွမ်း)၊ 09-6700971, 082-24627(ဖက်စ်)",http://uecmyanmar.org/images/stories/policals_policies/4Kokang%20Democracy%20and%20Unity%20Party.pdf
ပအိုဝ်းအမျိုးသားအဖွဲ့ချုပ်(PNO)ပါတီ,Pao National Organization,PNO,2.4.2010,15,ဦးစံလွင်၊ ဦးဝင်းကို,23.4.2010,6.5.2010,13.5.2010,5,https://storage.googleapis.com/staticassets/political/5-flag.png,https://storage.googleapis.com/staticassets/political/5-logo.jpg, ဦးစံလွင်၊ ဦးခွန်သိန်းဖေ,ပြည်ထောင်စုတစ်ဝန်းလုံး,အမှတ်(၁၈)၊ အနောက်မြို့ပတ်လမ်း၊ စျေးပိုင်းရပ်၊ တောင်ကြီးမြို့၊ ရှမ်းပြည်နယ်။,09-49363282,http://uecmyanmar.org/images/stories/policals_policies/5Pao%20National%20Organization%20PNO.pdf
ဒီမိုကရက်တစ်ပါတီ(မြန်မာ),Democratic Party(Myanmar),,30.3.2010,20,ဦးသုဝေ၊ ဒေါ်သန်းသန်းနု,29.4.2010,11.5.2010,20.5.2010,6,https://storage.googleapis.com/staticassets/political/6-flag.jpg,https://storage.googleapis.com/staticassets/political/6-logo.jpg,ဦးသုဝေ၊ ဒေါ်သန်းသန်းနု(တွင်း/မှူးချုပ်),ပြည်ထောင်စုတစ်ဝန်းလုံး,အမှတ်(၄၆၅)၊ သိမ်ဖြူလမ်း၊ ဖို့မြေရပ်ကွက်၊ မင်္ဂလာတောင်ညွန့်မြို့နယ်၊ ရန်ကုန်တိုင်းဒေသကြီး။,"09-8020254, 01-541649(ဒေါ်သန်းသန်းနု), 09-5084963",http://uecmyanmar.org/images/stories/policals_policies/6Democratic%20Party%20Myanmar.pdf
ကယန်းအမျိုးသားပါတီ,Kayan National Party,,26.4.2010,17,ဦးခူးယူဂျင်း၊ ဦးလောရင်း,4.5.2010,11.5.2010,20.5.2010,7,https://storage.googleapis.com/staticassets/political/7-flag.jpg,https://storage.googleapis.com/staticassets/political/7-logo.jpg,ဦးခူးယူဂျင်း၊ ဦးနန်းရီ(ထွေ/မှူး) ,ပြည်ထောင်စုတစ်ဝန်းလုံး,အမှတ်(ည/၁၂၅)၊ သိုင်းဗဟန်လမ်း၊ ညောင်ကုန်း (၃)ရပ်ကွက်၊ ဖယ်ခုံမြို့၊ ရှမ်းပြည်နယ်။    ,081-56153(ဦးခူးယူဂျင်),http://uecmyanmar.org/images/stories/policals_policies/7Kayan%20National%20Party.pdf
ရခိုင်ပြည်နယ်အမျိုးသားအင်အားစုပါတီ,Rakhine State National United Party,,28.4.2010,15,ဦးအေးကြိုင်၊ ဦးတင်မြင့်,4.5.2010,11.5.2010,20.5.2010,8,https://storage.googleapis.com/staticassets/political/8-flag.jpg,https://storage.googleapis.com/staticassets/political/8-logo.jpg, ဦးအေးကြိုင်၊ ဦးမောင်အုံးတင်(တွဲ-တွင်း/မှူး),ပြည်ထောင်စုတစ်ဝန်းလုံး,အမှတ်(၅၄)၊ (၁၄/၂)ရပ်ကွက်၊ ရွှေပြည်စိုးလမ်း တောင်ဥက္ကလာပမြို့နယ်၊ ရန်ကုန်တိုင်းဒေသကြီး     ,"09-421095833(ဦးအေးကြိုင်), 09-420104245(ဦးညီညီ)",http://uecmyanmar.org/images/stories/policals_policies/8%20Rakhine%20State%20National%20United%20Party%20of%20Myanmar.pdf
ကရင်ပြည်သူ့ပါတီ,Kayin Peoples Party,KPP,31.3.2010,16,ဦးထွန်းအောင်မြင့် ၊ ဦးစောစေးဝါး(ထွေ/မှူး),29.4.2010,12.5.2010,21.5.2010,9,https://storage.googleapis.com/staticassets/political/9-flag.jpg,https://storage.googleapis.com/staticassets/political/9-logo.jpg, ဦးထွန်းအောင်မြင့် ၊ ဦးစောစေးဝါး(ထွေ/မှူး),ပြည်ထောင်စုတစ်ဝန်းလုံး,အမှတ်(၆၃၂)၊ ဃ/၁၆၊ အာဇာနည်လမ်း ၊    အမှတ်(၄)လမ်းမဆုံ၊ ရပ်ကွက်(၅)၊ ရွှေပြည်သာမြို့နယ်၊ ရန်ကုန်တိုင်းဒေသကြီး။,"09-5180164, 01-611612",http://uecmyanmar.org/images/stories/policals_policies/9Kayin%20Peoples%20Party%20KPP.pdf
“ဝ”အမျိုးသားစည်းလုံးညီညွတ်ရေးပါတီ,Wa National Unity Party,,29.4.2010,15,ဦးလုပ်ပေါင်း၊ ဦးညီပလုပ်,4.5.2010,12.5.2010,21.5.2010,10,https://storage.googleapis.com/staticassets/political/10-flag.jpg,https://storage.googleapis.com/staticassets/political/10-logo.jpg,ဦးညီပလုပ် ၊ ဦးဂျိုးဇက်ထွန်း(တွင်း/မှူး-၁),ရှမ်းပြည်နယ်အတွင်း,အမှတ်(၃၆)ဗျူဟာလမ်း၊ နယ်မြေ(၂)၊ (၁)ရပ်ကွက်၊ လားရှိုးမြို့၊ ရှမ်းပြည်နယ်။      ,"09-403742540(ဦ:ဆမ်ဆောင်ကား), 09-5260319, 082-22229, 09-5260293, 082-22713",http://uecmyanmar.org/images/stories/policals_policies/10/10.1.pdf
တအာင်း(ပလောင်)အမျိုးသားပါတီ,Ta-Arng (Palaung) National Party,,8.4.2010,15,ဦးအိုက်မုန်း၊ ဦးထွန်းကျော်,23.4.2010,14.5.2010,24.5.2010,12,https://storage.googleapis.com/staticassets/political/11-flag.jpg,https://storage.googleapis.com/staticassets/political/11-logo.jpg, ဦးအိုက်မုန်း၊ ဦးထွန်းကျော်(ထွေ/မှူး),ပြည်ထောင်စုတစ်ဝန်းလုံး,အမှတ်(က/၁၁၀)ဗိုလ်ချုပ်အောင်ဆန်းလမ်း၊ မင်္ဂလာရပ်၊ နမ့်ဆန်မြို့၊ ရှမ်းပြည်နယ်။   ,"09-2003541(ဦ:မိုင်းအုဏ်းခိုင်), 09-43146250, 09-6712051(ဦးအိုက်မုန်း), 09-9040651",http://uecmyanmar.org/images/stories/policals_policies/11Ta-Arng%20PalaungNational%20Party.pdf
မွန်ဒေသလုံးဆိုင်ရာဒီမိုကရေစီပါတီ,All Mon Regions Democracy Party,,30.4.2010,15,ဦးငွေသိန်း၊ ဦးနိုင်လှအောင်,4.5.2010,14.5.2010,24.5.2010,13,https://storage.googleapis.com/staticassets/political/12-flag.jpg,https://storage.googleapis.com/staticassets/political/12-logo.jpg,ဦးငွေသိန်း၊ ဦးထွန်းရီ(ခ)မင်းနွယ်စိုး(ထွေ/မှူး),ပြည်ထောင်စုတစ်ဝန်းလုံး,ခြံအမှတ်(၂၂၇)၊ (၆)လမ်း၊ မြိုင်သာယာမြို့သစ်၊ မော်လမြိုင်မြို့၊ မွန်ပြည်နယ်။,"09-5321417(ဦ:ငွေသိန်း), 09-8730964(ဦးနိုင်လှအောင်), 09-425266297(စံတင်)",http://uecmyanmar.org/images/stories/policals_policies/12All%20Mon%20Regions%20Democracy%20Party.pdf
ဒီမိုကရေစီနှင့်ငြိမ်းချမ်းရေးပါတီ,Democracy and Peace Party,,4.5.2010,17,ဦးစိုးမောင်၊ ဦးလှမျိုးမြင့်,6.5.2010,13.5.2010,24.5.2010,14,https://storage.googleapis.com/staticassets/political/13-flag.jpg,https://storage.googleapis.com/staticassets/political/13-logo.jpg,ဦးအောင်သန်း၊ ဦးမျိုးမြင့်(ထွေ/မှူး),ပြည်ထောင်စုတစ်ဝန်းလုံး,အမှတ်(၁၀၃)၊ (၃လွှာ)၊ သမိန်ဗရမ်းလမ်း၊ တာမွေကြီး(က+ဂ)ရပ်ကွက်၊ တာမွေမြို့နယ်၊ ရန်ကုန်တိုင်းဒေသကြီး။,"09-73082451, 09-73204834(ဦ:စိုးမောင်), 09-73133777, 09-8631516(ဦးအောင်သန်း)",http://uecmyanmar.org/images/stories/policals_policies/13Democracy%20and%20Peace%20Party.pdf
ရှမ်းတိုင်းရင်းသားများဒီမိုကရက်တစ်ပါတီ,Shan Nationalities Democratic Party,,8.4.2010,15,ဦးစိုင်းအိုက်ပေါင်း၊ ဦးနယ်(လ်)ဆင်(ခ)ဦးဆောင်ဆီ,3.5.2010,18.5.2010,26.5.2010,15,https://storage.googleapis.com/staticassets/political/14-flag.png,https://storage.googleapis.com/staticassets/political/14-logo.jpg,ဦးစိုင်းအိုက်ပေါင်း၊ ဦးစိုင်းလှကျော်(ထွေ/မှူး) ,ပြည်ထောင်စုတစ်ဝန်းလုံး,အမှတ်(၃၂၆)၊တောင်ကျောင်းလမ်း၊ မြို့မရပ်၊ တောင်ကြီးမြို့၊ ရှမ်းပြည်နယ်။,"09-41008225(ဦ:စောယွန်းပိုင်), 09-5159998, 09-2021358 (ဦးစိုင်းမောင်တင်), 081-202064, 09-73046206(ဦးစိုင်းလှကျော်)",http://uecmyanmar.org/images/stories/policals_policies/14Shan%20Nationalities%20Democratic%20Party.pdf
ညီညွတ်သောဒီမိုကရက်တစ်ပါတီ(UDP),United Democratic Party,UDP,3.5.2010,17,ဦးဘိုမောင်း(နုတ်ထွက်)၊ ဦးလှမြင့်,6.5.2010,17.5.2010,26.5.2010,16,https://storage.googleapis.com/staticassets/political/15-flag.jpg,https://storage.googleapis.com/staticassets/political/15-logo.jpg,ဦးလှမြင့် ၊ ဦးမျိုးညွန့်(တွဲ-တွင်း/မှူး),ပြည်ထောင်စုတစ်ဝန်းလုံး,၃၄၁၊ ဆုတောင်ပြည့်ဘုရားလမ်း၊ စျေးရပ်ကွက်၊ သရက်မြို့၊ မကွေးတိုင်းဒေသကြီး။,"09-401578057(ဥက္ကဌ), 071-55075, 068-21398, 09-5089222(ဦးဗန်နေ)",http://uecmyanmar.org/images/stories/policals_policies/15United%20Democratic%20Party%20UDP.pdf
၈၈မျိုးဆက်ကျောင်းသားလူငယ်များ(ပြည်ထောင်စုမြန်မာနိုင်ငံ)ပါတီ,The 88 Generation Student Youths  (Union of Myanmar),,22.3.2010,27,ဦးရဲထွန်း၊ ဦးသန်းဦး,22.4.2010,29.4.2010,26.5.2010,17,https://storage.googleapis.com/staticassets/political/16-flag.jpg,https://storage.googleapis.com/staticassets/political/16-logo.jpg,ဦးရဲထွန်း၊ ဦးလေးစိုး(ထွေ/မှူး),ပြည်ထောင်စုတစ်ဝန်းလုံး,တိုက်(အက်ဖ်)၊ အခန်း(၃၀၁)၊ ပုလဲကွန်ဒိုမီနီယံ ကမ္ဘာအေးဘုရားလမ်း၊ ဗဟန်းမြို့နယ်၊ ရန်ကုန်တိုင်းဒေသကြီး။  ,"01-556554, 09-5197626",http://uecmyanmar.org/images/stories/policals_policies/16The%2088%20Generation%20Student%20Youths%20Union%20of%20Myanmar.pdf
ပြည်ထောင်စုမြန်မာနိုင်ငံအမျိုးသားနိုင်ငံရေးအဖွဲ့ချုပ်ပါတီ,The Union of Myanmar Federation of National Politics,,22.3.2010,28,ဦးအေးလွင်၊ ဦးခင်မောင်ဦး,22.4.2010,29.4.2010,26.5.2010,18,https://storage.googleapis.com/staticassets/political/17-flag.jpg,https://storage.googleapis.com/staticassets/political/17-logo.jpg,ဦးအေးလွင်၊ ဦးဌေးငွေ(တွဲ-ထွေ/မှူး) ,ပြည်ထောင်စုတစ်ဝန်းလုံး,တိုက်(အက်ဖ်)၊ အခန်း(၃၀၁)၊ ပုလဲကွန်ဒိုမီနီယံ ကမ္ဘာအေးဘုရားလမ်း၊ ဗဟန်းမြို့နယ်၊ ရန်ကုန်တိုင်းဒေသကြီး။,"01-556554, 09-5187991",http://uecmyanmar.org/images/stories/policals_policies/17The%20Union%20of%20Myanmar%20Federation%20of%20National%20Politics.pdf
အမျိုးသားနိုင်ငံရေးမဟာမိတ်များအဖွဲ့ချုပ်ပါတီ,National Political Alliance League,,1.4.2010,15,ဦးတင်ထွန်းမောင်၊ ဦးကြည်ဝင်း,29.4.2010,19.5.2010,27.5.2010,19,https://storage.googleapis.com/staticassets/political/18-flag.jpg,0,ဦးတင်ထွန်းမောင် ၊  ဦးလှအောင်  (တွင်း/မှူး-၁),ပြည်ထောင်စုတစ်ဝန်းလုံး,အမှတ် (၁၀၁၀)(ခ) ၊ ပညာလမ်း ၊ (၄) ရပ်ကွက် ၊  တောင်ဥက္ကလာပ မြို့နယ် ၊ ရန်ကုန်တိုင်းဒေသကြီး,"09-73094213(ဦးတင်ထွန်းမောင်), 09- 2201141(ဦးဝင်းဇော်), 09-49256428(ဦးတင်ဝင်း)",http://uecmyanmar.org/images/stories/policals_policies/18National%20Political%20Alliance%20League.pdf
ချင်းအမျိုးသားဒီမိုကရက်တစ်ပါတီ,Chin National Democratic Party,,7.4.2010,16,ဦးဇမ်ကျင်ပေါ်(ခ)ဦးဇိုဇမ်း၊ ဦးချန်ဟဲ,3.5.2010,19.5.2010,27.5.2010,21,https://storage.googleapis.com/staticassets/political/19-flag.png,https://storage.googleapis.com/staticassets/political/19-logo.jpg,ဦးဇမ်ကျင်ပေါ်(ခ)ဦးဇိုဇမ်း၊ ဆလိုင်းထီယံအုပ်ထန်(တွင်း/မှူး-၁),ပြည်ထောင်စုတစ်ဝန်းလုံး,အမှတ်(၁၂၀)၊ အခန်း(၅၂)၊ သုခလှိုင်တိုက် ၊ အင်းစိန်လမ်းမကြီး၊ လှိုင်မြို့နယ်၊ ရန်ကုန်တိုင်းဒေသကြီး။,"09-5030870( ဦးဇိုဇမ်း), 01-646397, 09-43094087, 09-43163539",http://uecmyanmar.org/images/stories/policals_policies/19Chin%20National%20Party.pdf
ဝံသာနုဒီမိုကရက်တစ်ပါတီ,Wun Thar Nu Democratic Party,,9.4.2010,21,ဦးထွန်းရင်(ကွယ်လွန်)၊ ဒေါ်နန်းရွှေကြာ,23.4.2010,19.5.2010,27.5.2010,22,https://storage.googleapis.com/staticassets/political/20-flag.jpg,https://storage.googleapis.com/staticassets/political/20-logo.jpg,ဦးရဲမင်း၊ ဒေါ်နန်းရွှေကြာ (ထွေ/မှူး),ပြည်ထောင်စုတစ်ဝန်းလုံး,နန်းဦးလွင်ကျေးရွာအုပ်စု၊ ပုသိမ်ကြီးမြို့နယ်၊ မန္တလေးတိုင်းဒေသကြီး။,09-6806572,http://uecmyanmar.org/images/stories/policals_policies/20Wun%20Tha%20Nu%20Democratic%20Party.pdf
ခေတ်သစ်ပြည်သူ့ပါတီ,Modern People Party,,6.4.2010,34,ဦးထွန်းအောင်ကျော်၊ ဦးတင်စိုး,29.4.2010,20.5.2010,28.5.2010,23,https://storage.googleapis.com/staticassets/political/21-khitthit.png,https://storage.googleapis.com/staticassets/political/21-logo.jpg,ဦးထွန်းအောင်ကျော်၊ ဒေါ်ရီရီစံ(ထွေ/မှူး),ပြည်ထောင်စုတစ်ဝန်းလုံး,အခန်း(၂၀၂)၊ တိုက်(၅)၊ ကွမ်းခြံ(၆)လမ်း၊ (၄)ရပ်ကွက်၊ ကမာရွတ်မြို့နယ်၊ ရန်ကုန်တိုင်းဒေသကြီး။,"09-73238324(ဦးထွန်းအောင်ကျော်), 09-8614372(ဦးလှသိန်း)၊ 01-504882, 01-505307",http://uecmyanmar.org/images/stories/policals_policies/21Modern%20People%20Party.pdf
ပြည်ထောင်စုဒီမိုကရေစီပါတီ,Union Democratic Party,,8.4.2010,15,ဦးရွှေအုံး(ကွယ်လွန်)၊ ဦးဖြိုးမင်းသိန်း(နုတ်ထွက်),4.5.2010,20.5.2010,28.5.2010,24,https://storage.googleapis.com/staticassets/political/22-flag.jpg,https://storage.googleapis.com/staticassets/political/22-logo.jpg, ဦးသောင်းဝင်း(ထွေ/မှူး),ပြည်ထောင်စုတစ်ဝန်းလုံး,အခန်း(၆၃၇/၆၅၁)၊ အခန်းအမှတ်(၀၀၁/C)၊ ၂၉လမ်းနှင့်ကုန်သည်လမ်းထောင့်် ၊ (၃)ရပ်ကွက်၊ ပန်းဘဲတမ်းမြို့နယ်၊ ရန်ကုန်တိုင်းဒေသကြီး။,"01-584261, 09-73203085, 09-448537914(ဦးသောင်းဝင်း), 09-448537915",http://uecmyanmar.org/images/stories/policals_policies/22/22.1.pdf
မတူကွဲပြားခြင်းနှင့်ငြိမ်းချမ်းရေးပါတီ,Peace for Diversity Party,,6.4.2010,17,ဦးညိုမင်းလွင်(နုတ်ထွက်)၊ ဦးတင်မောင်အေး,29.4.2010,24.5.2010,1.6.2010,25,https://storage.googleapis.com/staticassets/political/23-flag.jpg,https://storage.googleapis.com/staticassets/political/23-logo.jpg,ဦးနေမျိုးဝေ၊ ဦးအောင်မျိုးဦး(ထွေ/မှူး),ပြည်ထောင်စုတစ်ဝန်းလုံး,အခန်း(၂/၂/၂၃၂)၊မဟော်ဂနီလမ်း၊ ထောက်ကြန့် တိုးချဲ့ရပ်ကွက်၊ မင်္ဂလာဒုံမြို့နယ် ၊  ရန်ကုန်တိုင်းဒေသကြီး။,"09-421148275(ဦးနေမျိုးဝေ), 09-8610719",http://uecmyanmar.org/images/stories/policals_policies/23Peace%20for%20Diversity%20Party%20P.D.P.pdf
ချင်းတိုးတက်ရေးပါတီ,Chin Progressive Party,,23.4.2010,22,ဦးလျှံကြယ်၊ ဦးနိုထန်ဘဲလ်(ခ)နိုထမ်ကပ်,4.5.2010,24.5.2010,1.6.2010,26,https://storage.googleapis.com/staticassets/political/24-flag.jpg,https://storage.googleapis.com/staticassets/political/24-logo.jpg,ဦးနိုထန်ဘဲလ်(ခ)နိုထမ်ကပ်၊ ဦးဇုန်လှယ်ထန်း(ထွေ/မှူး)  ,ပြည်ထောင်စုတစ်ဝန်းလုံး,တိုက် (၁၄၇)၊ (၅)လွှာ ၊ ၃၇ လမ်း(လယ်) ၊ ကျောက်တံတားမြို့နယ် ၊  ရန်ကုန်တိုင်းဒေသကြီး,"01-538328, 09-5155983(ဌာနချုပ်), 01-647420, 09-8636470(ဥက္ကဌ), 01-537352, 09-5014916(ထွေ/မှူး)",http://uecmyanmar.org/images/stories/policals_policies/24Chin%20progressive%20party.pdf
အင်းအမျိုးသားဖွံ့ဖြိုးတိုးတက်ရေးပါတီ,Inn National Development Party,,29.4.2010,15,ဦးဝင်းမြင့် ၊ ဦးအောင်ကြည်ဝင်း,4.5.2010,24.5.2010,1.6.2010,27,https://storage.googleapis.com/staticassets/political/25-flag.jpg,https://storage.googleapis.com/staticassets/political/25-logo.jpg,ဦးဝင်းမြင့် ၊ ဦးထွန်းအောင်(ထွေ/မှူး),ရှမ်းပြည်နယ်အတွင်း,အမှတ်(၂)၊ မင်္ဂလာရပ်၊ လမ်မတော်လမ်း၊ ညောင်ရွှေမြို့နယ် ၊ ရှမ်းပြည်နယ်။,"081-209599, 09-428310011(ဥက္ကဌ), 09-428310037(ဦးအောင်ကြည်ဝင်း)",http://uecmyanmar.org/images/stories/policals_policies/25Inn%20National%20Development%20Party.pdf
“ဝ”ဒီမိုကရက်တစ်ပါတီ,Wa Democratic Party,,9.4.2010,15,ဦးခွန်ထွန်းလူ(ခ)ဦးထွန်းလူ၊ ဦးစိုင်ပေါင်းနပ်,28.4.2010,25.5.2010,2.6.2010,29,https://storage.googleapis.com/staticassets/political/27-flag.jpg,https://storage.googleapis.com/staticassets/political/27-logo.jpg,ဦးခွန်ထွန်းလူ(ခ) ဦးထွန်းလူ၊ ဦးစိုင်ပေါင်းနပ်(ထွေ/မှူး),ရှမ်းပြည်နယ်အတွင်း,အမှတ်(ဇ-၄/၇)၊ သိန်းနီလမ်း၊ ရပ်ကွက်(၈)၊ လားရှိုးမြို့နယ်၊ ရှမ်းပြည်နယ်။,"082-23518, 082-23861",http://uecmyanmar.org/images/stories/policals_policies/27Wa%20Democratic%20Party.pdf
ဖလုံ-စဝေါ် ဒီမိုကရက်တစ်ပါတီ,Phlone-Sqaw Democratic Party,,23.4.2010,15,ဦးစောခင်မောင်မြင့် ၊ ဦးစောကြည်လင်း,4.5.2010,27.5.2010,4.6.2010,30,https://storage.googleapis.com/staticassets/political/28-flag.jpg,https://storage.googleapis.com/staticassets/political/28-logo.jpg,ဦးစောသိန်းအောင်၊ ဦးစောတင်လှိုင်(တွင်း/မှူး-၁),ပြည်ထောင်စုတစ်ဝန်းလုံး,ငုရွှေဝါလမ်းနှင့်အင်ကြင်း(၂)လမ်းထောင့််၊ အမှတ်(၉)ရပ်ကွက်၊ ဘားအံမြို့၊ ကရင်ပြည်နယ်။,"09-425020498(ဥက္ကဌ), 09-425032710, 058-23331(ဒု-ဥက္ကဌ), 058-23314(ရုံး), 058-22639, 09-49770115",http://uecmyanmar.org/images/stories/policals_policies/28Phlone-Sqaw%20Democratic%20Party.pdf
အမျိုးသားဖွံ့ဖြိုးတိုးတက်ရေးဒီမိုကရက်တစ်ပါတီ,National Democratic Party for Development,NDPD,26.4.2010,21,ဦးမောင်မောင်နီ၊ ဦးတော်ယူဘေဒ္ဒိန်(ယခင်)၊ ဦးလှသိန်း(ယခု),4.5.2010,27.5.2010,4.6.2010,31,https://storage.googleapis.com/staticassets/political/29-flag.jpg,https://storage.googleapis.com/staticassets/political/29-logo.jpg,ဦးမောင်မောင်နီ၊ ဦးမောင်စိန် (တွင်း/မှူး-၃),ပြည်ထောင်စုတစ်ဝန်းလုံး,အမှတ်(၂၀၂/၂၀၆)၊ (၄လွှာ-ယာ)၊ ဗိုလ်ဆွန်ပက်လမ်း၊ ပန်းဘဲတမ်းမြို့နယ်၊ ရန်ကုန်တိုင်းဒေသကြီး။,"09-5132126(ဦးမောင်မောင်နီ), 09-5013683(ဦးဝင်းထွန်းစိုး), 09-73041634",http://uecmyanmar.org/images/stories/policals_policies/29National%20Democratic%20Party%20for%20Development.pdf
ပြည်ထောင်စုကြံ့ခိုင်ရေးနှင့်ဖွံ့ဖြိုးရေးပါတီ,Union Solidarity and Development Party,,29.4.2010,27,ဦးသိန်းစိန်၊ ဦးဌေးဦး,4.5.2010,1.6.2010,8.6.2010,32,https://storage.googleapis.com/staticassets/political/30-flag.png,https://storage.googleapis.com/staticassets/political/30-logo.png,သူရဦးရွှေမန်း ၊ ဦးမောင်မောင်သိန်း(ထွေ/မှူး),ပြည်ထောင်စုတစ်ဝန်းလုံး,အမှတ်(၅)၊ ရာဇသင်္ဂဟလမ်းနှင့်“စီ” လမ်းထောင့််၊ ဒက္ခိဏသီရိမြို့နယ်၊ နေပြည်တော်။,"09-8604001, 067-419253, 419166, 419122, 419124, 067-419125, 419250, 419244, 067-419271/419083 (ဖက်စ်)",http://uecmyanmar.org/images/stories/policals_policies/30/30.1.pdf
တိုင်းရင်းသားလူမျိုးစုများဖွံ့ဖြိုးရေးပါတီ,Ethnic National Development Party,ENDP,6.5.2010,17,ဦးဗန်ကျင်း၊ ဦးနေလောင်း,11.5.2010,8.6.2010,16.6.2010,33,https://storage.googleapis.com/staticassets/political/31-flag.jpg,https://storage.googleapis.com/staticassets/political/31-logo.jpg,ဦးဟီးဝါး၊ ဦးဆန်လှေးမန်(ထွေ/မှူး),ချင်းပြည်နယ်အတွင်း,အမှတ်(၁၀၄)၊ စန်ဘောင်ရပ်ကွက်၊ မတူပီမြို့နယ်၊ ချင်းပြည်နယ်။,070-80290,http://uecmyanmar.org/images/stories/policals_policies/31Ethnic%20National%20Development%20Party.pdf
ကမန်အမျိုးသားတိုးတက်ရေးပါတီ,Ka Man National Development Party,,25.5.2010,16,ဦးဇော်ဝင်း၊ ဦးတင်လှိုင်ဝင်း,3.6.2010,16.6.2010,5.7.2010,36,https://storage.googleapis.com/staticassets/political/32-flag.jpg,https://storage.googleapis.com/staticassets/political/32-logo.jpg,ဦးဇော်ဝင်း၊ ဦးတင်လှိုင်ဝင်း,ရခိုင်ပြည်နယ်အတွင်း,အမှတ်(၄၆၀)(၄လွှာ)၊ မြလေးရုံလမ်း၊ မေတ္တာညွန့်ရပ်ကွက်၊ တာမွေမြို့နယ်၊ ရန်ကုန်တိုင်းဒေသကြီး။,"09-73067314, 09-73205380, 09-73205380, 09-73103983(ဒု-ဥက္ကဌ), 09-8635745",http://uecmyanmar.org/images/stories/policals_policies/32Ka%20Man%20National%20Development%20Party.pdf
ခမီအမျိုးသားဖွံ့ဖြိုးတိုးတက်ရေးပါတီ,Kha Me National Development Party,,17.5.2010,22,ဦးဘိုးထွန်း၊ ဦးလေသာကျော်,25.5.2010,21.6.2010,9.7.2010,37,https://storage.googleapis.com/staticassets/political/33-flag.jpg,https://storage.googleapis.com/staticassets/political/33-logo.jpg,ဦးစိန်လှကျော်၊ ဦးလေသာကျော်(ထွေ/မှူး),ရခိုင်ပြည်နယ်အတွင်း,အိမ်အမှတ်(၁၁၄)အကွက်(၁)၊ဆင်ကူးလမ်း ရပ်ကွက်၊ စစ်တွေမြို့နယ်၊ ရခိုင်ပြည်နယ်။,"09-421053166, 043-23344, 043-23088, 09-425301804(ဦးသာဘန်းအောင်)",http://uecmyanmar.org/images/stories/policals_policies/33Kha%20Me%20National%20Development%20Party.pdf
အမျိုးသားဒီမိုကရေစီအင်အားစုပါတီ,National Democratic Force,NDF,27.5.2010,19,ဒေါက်တာသန်းငြိမ်း၊ ဦးတိုးပို,14.6.2010,24.6.2010,9.7.2010,38,https://storage.googleapis.com/staticassets/political/34-flag.png,https://storage.googleapis.com/staticassets/political/34-logo.jpg,ဦးခင်မောင်ဆွေ ၊ ဦးကြည်သန်း (တွင်း/မှူး-၁),ပြည်ထောင်စုတစ်ဝန်းလုံး,အမှတ်(၄၇)၊ ပထမထပ်၊ အနောက်မြင်းပြိုင် ကွင်းလမ်း၊ ဗဟန်းမြို့နယ်၊ ရန်ကုန်တိုင်းဒေသကြီး။,"09-5059640(ဥက္ကဌ), 09-5137373(တွင်းမှူး/၁), 09-2228347(တွင်းမှူး/၂)",http://uecmyanmar.org/images/stories/policals_policies/34National%20Democratic%20Force%20NDF.pdf
စည်းလုံးညီညွတ်ရေးနှနှင့်ဒီမိုကရေစီပါတီ ကချင်ပြည်နယ်(စဒက),Unity and Democracy Party of Kachin State,UDPKS,2.7.2010,15,ဦးခက်ထိန်နန်၊ ဦးဖော်လားကမ်ဖန်,16.7.2010,23.7.2010,2.8.2010,40,https://storage.googleapis.com/staticassets/political/35-flag.jpg,https://storage.googleapis.com/staticassets/political/35-logo.jpg,ဦးခက်ထိန်နန်၊ ဒေါ်ဒွဲဘူ,ကချင်ပြည်နယ်အတွင်း,အမှတ်(၂၃၈/ခ)၊ ပြည်ထောင််စုလမ်းမကြီး (ရွှေပြည်စံခန်းမဘေး)၊ ယုဇနရပ်ကွက်၊ မြစ်ကြီးနားမြို့၊ ကချင်ပြည်နယ်။,"09-8612356, 09-9041486",http://uecmyanmar.org/images/stories/policals_policies/35/35.1.pdf
ကရင်ပြည်နယ်ဒီမိုကရေစီနှနှင့်ဖွံ့ဖြိုးတိုးတက်ရေးပါတီ,Kayin State Democracy and Development  Party,KSDPP,11.8.2010,27,ဦးစောသာထူးကျော်၊ ဦးစောအောင်ငွေ,12.8.2010,12.8.2010,19.8.2010,41,https://storage.googleapis.com/staticassets/political/36-flag.jpg,https://storage.googleapis.com/staticassets/political/36-logo.jpg,ဦးစောသာထူးကျော်၊ ဦးစောသန်းမြ,ကရင်ပြည်နယ်အတွင်း,အမှတ်(၇)ရပ်ကွက်၊ ဦးအောင်မြတ်လမ်း၊ ဘားအံမြို့၊ ကရင်ပြည်နယ်။,09-8730438(ဦးစောသန်းမြ),http://uecmyanmar.org/images/stories/policals_policies/36Kayin%20State%20Democracy%20and%20Development%20Party%20KSDDP.pdf
အမျိုးသားဖွံ့ဖြိုးတိုးတက်ရေးနှင့်ငြိမ်းချမ်းရေးပါတီ,National Development and Peace Party,NDPP,16.7.2010,18,ဦးအလီဟူဆိန်၊ ဦးမာမောက်ဆော်လိမ်,29.7.2010,16.8.2010,24.8.2010,42,https://storage.googleapis.com/staticassets/political/37-flag.jpg,https://storage.googleapis.com/staticassets/political/37-logo.jpg,ဦးမာမောက်ဆော်လိမ်၊ ဦးအောင်ဝင်း(ထွေ/မှူး),ပြည်ထောင်စုတစ်ဝန်းလုံး,အမှတ်(၁၇/၁၉)၊ ပထမထပ်(ဝဲ)ခန်း၊ (၁၀၀)လမ်း၊ လွတ်လပ်ရေးရပ်ကွက်၊ မင်္ဂလာတောင်ညွန့်မြို့နယ်၊ ရန်ကုန်တိုင်းဒေသကြီး။,"09-5141237, 09-5174461, 09-73127914, 09-73117001",http://uecmyanmar.org/images/stories/policals_policies/37National%20Development%20and%20Peace%20Party.pdf
ပြည်သူ့ဒီမိုကရေစီပါတီ,People Democracy Party,,13.6.2011,16,ဒေါက်တာသန်းထိုက်ဦး၊ ဦးအောင်မြင့်,20.7.2011,3.8.2011,23.9.2011,43,https://storage.googleapis.com/staticassets/political/38-flag.jpg,https://storage.googleapis.com/staticassets/political/38-logo.jpg,ဒေါက်တာသန်းထိုက်ဦး ၊ ဦးအောင်မြင့်(ထွေ/မှူး),ပြည်ထောင်စုတစ်ဝန်းလုံး,အမှတ်(၃၉/ခ)၊ ရေသန့်ရပ်၊ တံခွန်တိုင်ရပ်ကွက်၊ ပြည်ကြီးတံခွန်မြို့နယ်၊ မန္တလေးတိုင်းဒေသကြီး။,"09-43176080, 02-5154902, 09-43011456(ဦးသန်းထိုက်ဦး), 09-43060910(ဦးအောင်မြနှင့်)",http://uecmyanmar.org/images/stories/policals_policies/38People%20Democracy%20Party.pdf
အမျိုးသားဒီမိုကရေစီပါတီသစ် ပါတီ,New National Democracy Party,,4.7.2011,20,ဦးသိန်းညွန့်၊ ဦးကြည်မြနှင့် (ယခင်)၊ ဦးကျော် (ယခု),23.8.2011,8.9.2011,4.10.2011,44,https://storage.googleapis.com/staticassets/political/39-flag.jpg,https://storage.googleapis.com/staticassets/political/39-logo.jpg,ဦးသိန်းညွန့်၊ ဦးကျော်(တွင်း/မှူး),ပြည်ထောင်စုတစ်ဝန်းလုံး,အမှတ်(၇၂)၊လေးဒေါနှင့်ကန်လမ်း၊ (ဇ/မြောက်ရပ်ကွက်)သင်္ကန်းကျွန်းမြို့နယ်၊ ရန်ကုန်တိုင်းဒေသကြီး။,"09-73095628 (ဦးသိန်းညွန့်), 09-73005267(ဦးဝင်းရွှေ), 0973020813",http://uecmyanmar.org/images/stories/policals_policies/39New%20National%20Democracy%20Party.pdf
ဗမာပြည်သူ့ပါတီ,Bamar People`s Party,,12.7.2011,16,ဦးအုန်းလွင်(နုတ်ထွက်)၊ ဦးထွန်းရွှေ (ကွယ်လွန်),2.9.2011,5.9.2011,14.10.2011,46,https://storage.googleapis.com/staticassets/political/40-flag.jpg,https://storage.googleapis.com/staticassets/political/bamar-logo.jpg,ဦးအောင်သန်းတင့်၊ ဦးသက်ဦး(ထွေ/မှူး),ပြည်ထောင်စုတစ်ဝန်းလုံး,အမှတ်(၁၀)၊ဂေါသကလမ်း၊ သာယာကုန်း ရပ်ကွက်၊ မင်္ဂလာတောင်ညွန့်မြို့နယ်၊ ရန်ကုန်တိုင်းဒေသကြီး။,"01-296693, 01-553644(ဦးထွန်းရွှေ)",http://uecmyanmar.org/images/stories/policals_policies/40Party%20for%20Unity%20and%20Peace.pdf
အမျိုးသားဒီမိုကရေစီအဖွဲ့ချုပ်ပါတီ,National League for Democracy,,25.11.2011,21,ဦးတင်ဦး၊ ဒေါ်အောင်ဆန်းစုကြည်,12.12.2011,23.12.2011,5.1.2012,47,https://storage.googleapis.com/staticassets/political/41-flag.png,https://storage.googleapis.com/staticassets/political/41-logo.jpg,ဒေါ်အောင်ဆန်းစုကြည်၊ ဦးဉာဏ်ဝင်း,ပြည်ထောင်စုတစ်ဝန်းလုံး,အမှတ်(၉၇/ခ)၊အနောက်ရွှေဂုံတိုင်လမ်း၊ ဗဟန်း မြို့နယ် ၊ ရန်ကုန်တိုင်းဒေသကြီး။,"09-5159457(PSO), 09-5179247(ဦးဉာဏ်ဝင်း), 01-555156(ရုံးဖုန်း/ဖက်စ်)",http://uecmyanmar.org/images/stories/policals_policies/41National%20League%20for%20Democracy.pdf
မြန်မာ့လူ့ဘောင်သစ်ဒီမိုကရက်တစ်ပါတီ,Democracy Party For Myanmar New Society,,2.11.2011,18,ဦးဇင်အောင်၊ ဦးသိန်းထွန်း,6.12.2011,23.12.2011,16.1.2012,49,https://storage.googleapis.com/staticassets/political/42-flag.jpg,https://storage.googleapis.com/staticassets/political/42-logo.jpg,ဦးဇင်အောင်၊ ဦးသိန်းထွန်း(ထွေ/မှူး),ပြည်ထောင်စုတစ်ဝန်းလုံး,အမှတ်(၆)၊ ထန်းပင်ကုန်းလမ်းမကြီး၊ ထန်းပင်ကုန်းရပ်ကွက်၊ သန်လျင်မြို့နယ်၊ ရန်ကုန်တိုင်းဒေသကြီး။,"09-425019450(ဥက္ကဌ), 056-21980",http://uecmyanmar.org/images/stories/policals_policies/42Democratic%20Party%20For%20Myanmar%20New%20Society.pdf
မြန်မာ့အမျိုးသားကွန်ဂရက်ပါတီ,Myanmar National Congress,,21.11.2011,18,ဦးကောင်းမြင့်ထွဋ်၊ ဦးတင်အေး,20.12.2011,3. 1.2012,23. 1.2012,50,https://storage.googleapis.com/staticassets/political/43-flag.jpg,https://storage.googleapis.com/staticassets/political/43-logo.jpg,ဦးကောင်းမြတ်ထွဋ်၊ ဦးတင်အောင်(ထွေ/မှူး),ပြည်ထောင်စုတစ်ဝန်းလုံး,အမှတ်(၈၄-က)၊ ဒေါ်သိန်းတင်လမ်း၊ ကန်တော် လေးမြောက်ရပ်ကွက်၊ မင်္ဂလာတောင်ညွန့်မြို့နယ် ၊ ရန်ကုန်တိုင်းဒေသကြီး။,"09-49288097(ဦးကောင်မြနှင့်ထွဋ်), 01-394828, 01-391158(ရုံး)",http://uecmyanmar.org/images/stories/policals_policies/43Myanmar%20National%20Congress.pdf
ကရင်ဒီမိုကရက်တစ်ပါတီ,Kayin Democratic Party,,28.11.2011,15,ဦးစောသန်းကျော်ဦး၊ စောရဲဝင်းနိုင်,23.12.2011,5. 1.2012,1. 2.2012,51,https://storage.googleapis.com/staticassets/political/44-flag.jpg,https://storage.googleapis.com/staticassets/political/44-logo.jpg,စောရှားထွန့်ဖေါင်(ကွယ်လွန်) ၊ စတင်းတင်း(တွင်း/မှူး),ကရင်ပြည်နယ်အတွင်း,အမှတ်(၂၅၄)၊ ဗိုလ်ချုပ်လမ်းမကြီး၊ အမှတ် (၉)ရပ်ကွက်(ရေကျော်)၊ ဘားအံမြို့နယ် ၊ ကရင်ပြည်နယ်။,09-497772318(စောသန်းကျော်ဦး),http://uecmyanmar.org/images/stories/policals_policies/44Kayin%20Democratic%20Party.pdf
မြိုတိုင်းရင်းသားပါတီ,Mro Nationality Party,,13.12.2011,19,ဦးအေးထွန်း၊ ဦးအနု,24.1.2012,10.2.2012,28. 2.2012,52,https://storage.googleapis.com/staticassets/political/45-flag.jpg,https://storage.googleapis.com/staticassets/political/45-logo.jpg,ဦးအေးထွန်း၊ ဦးမင်းအောင်,ရခိုင်ပြည်နယ်အတွင်း,အမှတ်(၄)ရပ်ကွက်၊ သပြေကုန်း၊ ဘူးသီးတောင် မြို့ ၊ ရခိုင်ပြည်နယ်။,09-425301804(ဦးသာဘန်းအောင်မှ တစ်ဆင့် ဆက်သွယ်ရန်),http://uecmyanmar.org/images/stories/policals_policies/45Mro%20Nationality%20Party.pdf
တိုင်းလိုင် ( ရှမ်းနီ ) အမျိုးသားများဖွံ့ဖြိုးတိုးတက်ရေးပါတီ,Tai-Leng Nationalities Development Party,T.N.D.P,20.1.2012,18,ဦးဌေးအောင်၊ ဦးစောဝင်းထွန်း,16.2.2012,8.3.2012,10.5.2012,53,https://storage.googleapis.com/staticassets/political/46-flag.jpg,https://storage.googleapis.com/staticassets/political/46-logo.jpg,ဦးစိုင်းဌေးအောင် ၊ ဦးစိုင်းအုန်းအုန်း(ထွေ/မှူး),ပြည်ထောင်စုတစ်ဝန်းလုံး,တ-၂/၈၅ မြို့သစ် (၁) ရပ်ကွက်၊ ချမ်းမြ သာစည်မြို့နယ်၊ မန္တလေးတိုင်းဒေသကြီး ။,"09-47015543(ဦးစိုင်းဌေးအောင်), 09-2016916(ဦးစောဝင်းထွန်း)",http://uecmyanmar.org/images/stories/policals_policies/46Tai-Leng%20Nationalities%20Development%20Party%20T.N.D.P.pdf
အရှိုချင်းအမျိုးသားပါတီ,Asho Chin National Party,,15.2.2012,17,ဆလိုင်းအောင်မင်းလှိုင်၊ ဆလိုင်းဟန်ကြည်,7.5.2012,16.5.2012,5.6.2012,55,https://storage.googleapis.com/staticassets/political/48-flag.jpg,https://storage.googleapis.com/staticassets/political/48-logo.jpg,ဦးဆလိုင်းဟန်ကြည် ၊ ဦးဆလိုင်းအောင်မင်းလှိုင်(ထွေ/မှူး),ပြည်ထောင်စုတစ်ဝန်းလုံး,အခန်း(၅၂)၊ (၇)လွှာ၊ တိုက်အမှတ်(၁၂၀)၊ ရန်ကုန်-အင်းစိန်လမ်း၊ (၉)ရပ်ကွက်၊ လှိုင်မြို့နယ်၊ ရန်ကုန်တိုင်းဒေသကြီး ။,"09-5043709, 01-646954(ဦးဆလိုင်းအောင်မင်းလှိုင်)",http://uecmyanmar.org/images/stories/policals_policies/48%20Asho%20Chin%20National%20Part.pdf
ရှမ်းတိုင်းရင်းသားများဒီမိုကရေစီအဖွဲ့ချုပ်ပါတီ,Shan Nationalities League for Democracy,,16.3.2012,15,ဦးခွန်ထွန်ဦး၊ ဦးစိုင်းညွန့်လွင်,8.5.2012,23.5.2012,12.6.2012,56,https://storage.googleapis.com/staticassets/political/49-flag.jpg,https://storage.googleapis.com/staticassets/political/49-logo.jpg,ဦးခွန်ထွန်းဦး၊ ဦးစိုင်းညွန့်လွင်(ထွေ/မှူး),ပြည်ထောင်စုတစ်ဝန်းလုံး,အမှတ်(၂၆)၊ ပြည်လမ်း၊ (၉)မိုင်၊ (၅)ရပ်ကွက် မရမ်းကုန်းမြို့နယ်၊ ရန်ကုန်တိုင်းဒေသကြီး ။,"09-73225564(ဦးခွန်ထွန်းဦး), 09-73241587(ဦးစိုင်းညွန့်လွင်)",http://uecmyanmar.org/images/stories/policals_policies/49Shan%20Nationalities%20League%20for%20Democracy.pdf
ဓနုတိုင်းရင်းသားလူမျိုးများဒီမိုကရေစီပါတီ,Danu National Democracy Party,,3.5.2012,27,ဦးမြသန်း၊ ဦးအောင်သိန်း,1.6.2012,14.6.2012,3.7.2012,57,https://storage.googleapis.com/staticassets/political/50-flag.jpg,https://storage.googleapis.com/staticassets/political/50-logo.jpg,ဦးမြသန်း၊ ဦးကျော်ဇော(တွင်း/မှူး-၁),ရှမ်းပြည်နယ်အတွင်း,လူဝင်မှု ကြီးကြပ်ရေးနှင အမျိုးသား မှတ်ပုံတင်ရေး ဦးစီးဌာနရုံး အနီး၊ ဗထူးလမ်း၊ စျေးတန်းရပ် ၊ ရွာငံမြို့နယ် ၊ ရှမ်းပြည်နယ်။,"09-49359008(ဦးမြသန်း), 09-49359655(ဦးကိုကို), 09-49597398(ဦးရဲလွင်ဦး), 09-49250264",http://uecmyanmar.org/images/stories/policals_policies/50Danu%20National%20Democracy%20Party.pdf
မွန်အမျိုးသားပါတီ,Mon National Party,,26.4.2012,15,ဦးသက်လွင်၊ ဦးနိုင်စိုးမြနှင့်(ခ)နိုင်တိုက်ပွန်,30.5.2012,7.6.2012,10.7.2012,58,https://storage.googleapis.com/staticassets/political/51-flag.jpg,https://storage.googleapis.com/staticassets/political/51-logo.jpg,ဦးနိုင်ငွေသိန်း၊ ဒေါက်တာ မင်းစိုးလင်း(ထွေ/မှူး),ပြည်ထောင်စုတစ်ဝန်းလုံး,အမှတ်(၁၈၁)၊ ရာဇာဓိရာဇ်လမ်း၊ မြိုင်သာယာရပ်ကွက်၊ မော်လမြိုင်မြို့နယ်၊  မွန်ပြည်နယ်။,"09-49807777(ဦးနိုင်စိုးမြနှင့်), 057-30213, 09-49801581(ဦးနိုင်စံလှိုင်)၊ 09-73019836(ဦးနိုင်ငွေသိန်း), 09-449004470",http://uecmyanmar.org/images/stories/policals_policies/51Mon%20Democracy%20Party.pdf
ဇိုမီးဒီမိုကရေစီအဖွဲ့ချုပ်ပါတီ,Zomi Congress for Democracy,,8.3.2012,17,ဦးဂင့်ကမ်းလျန်၊ ဦးဇမ်ဇမုန်,5.7.2012,26.7.2012,17.8.2012,59,https://storage.googleapis.com/staticassets/political/52-flag.jpg,https://storage.googleapis.com/staticassets/political/52-logo.jpg,ဦးပူကျင့်ရှင်းထန် ၊ ပူဇမ်ဇမုန်(တွင်း/မှူး),ပြည်ထောင်စုတစ်ဝန်းလုံး,အမှတ်(၁၄၃)၊ ၅လွှာ၊ (၃၇) လမ်း၊ ကျောက်တံတားမြို့နယ်၊ ရန်ကုန်တိုင်းဒေသကြီး။,"09-43065624(ဦးဂနှင့်ကမ်းလျန်), 01-397389",http://uecmyanmar.org/images/stories/policals_policies/52%20Zomi%20Congress%20for%20Democracy.pdf
ရှမ်းပြည်ကိုးကန့်ဒီမိုကရက်တစ်ပါတီ,Shan State Kokang Democratic Party,,4.6.2012,17,ဦးအန်တိုနီစူ၊ ဦးဆူဝမ်းကွီး,18.7.2012,14.8.2012,31.8.2012,60,https://storage.googleapis.com/staticassets/political/53-flag.jpg,https://storage.googleapis.com/staticassets/political/53-logo.jpg,ဦးအန်တိုနီစူ၊ ဦးလှသိန်း,ရှမ်းပြည်နယ်အတွင်း,ကြည်ရှန်လမ်း၊ ရပ်ကွက်(၁)၊ တုံချန်၊ လောက်ကိုင်မြို့၊ ရှမ်းပြည်နယ်။,"09-402612868(ဦးမိုးထွန်း), 09-43189486  ",http://uecmyanmar.org/images/stories/policals_policies/53Shan%20State%20Kokang%20Democratic%20Party.pdf
မြန်မာနိုင်ငံတောင်သူလယ်သမားဖွံ့ဖြိုးတိုးတက်ရေးပါတီ,Myanmar Farmer’s Development Party,,22.8.2012,18,ဦးကျော်စွာစိုး(ခ)ဦးကျော်စွာအောင်၊ ဦးချစ်ဦး,24.9.2012,11.10.2012,6.11.2012,61,https://storage.googleapis.com/staticassets/political/54-flag.jpg,https://storage.googleapis.com/staticassets/political/54-logo.jpg,ဦးကျော်စွာစိုး(ခ) ဦးကျော်စွာအောင်၊ ဒေါ်ခင်သန်းဦး,ပြည်ထောင်စုတစ်ဝန်းလုံး,ခြံ-၂၂၊ ၁၆၆ လမ်း၊ တာမွေကြီးရပ်ကွက်၊ တာမွေမြို့နယ်၊ ရန်ကုန်တိုင်းဒေသကြီး။,"09-5177714(ဦးကျော်စွာစိုး), 01-543063",http://uecmyanmar.org/images/stories/policals_policies/54%20Myanmar%20Farmers'%20Development%20Party.pdf
အမျိုးသားညီညွတ်ရေးကွန်ဂရက်ပါတီ,National Unity Congress Party,,13.2.2012,17,ဦးမြင့်ဝေ၊ ဦးမောင်စိုး,15.10.2012,12.11.2012,28.2.2013,62,https://storage.googleapis.com/staticassets/political/55-flag.jpg,https://storage.googleapis.com/staticassets/political/55-logo.jpg,ဦးမြင့်ဝေ၊ ဦးမောင်စိုး,ပြည်ထောင်စုတစ်ဝန်းလုံး,အမှတ်(၂၈-A)၊ ပထမထပ်၊ မအူကုန်းလမ်းကျယ်၊ တာမွေမြို့နယ်၊ ရန်ကုန်တိုင်းဒေသကြီး။,"01-525537(ဦးမြင့်ဝေ), 09-6812180, 01-38810(ဦးမောင်စိုး)",http://uecmyanmar.org/images/stories/policals_policies/55National%20Unity%20Congress%20Party.pdf
ဒီမိုကရေစီနှင့်လူ့အခွင့်အရေးပါတီ,Democracy and Human Rights Party,,26.4.2012,22,ဦးကျော်မင်း(ခ)မာမောက်ရှောင်ရှူအာနောရူလာဟောက်၊ ဦးခင်ဇော်,19.10.2012,5.11.2012,12.  3.2013,63,https://storage.googleapis.com/staticassets/political/56-flag.jpg,https://storage.googleapis.com/staticassets/political/56-logo.jpg,ဦးကျော်မင်း(ခ)မာမောက်ရှောင်ရှူအာနောရူလာဟောက်၊ ဦးကျော်စိုးအောင်(တွင်း/မှူး),ပြည်ထောင်စုတစ်ဝန်းလုံး,အမှတ်(၁၁၆/၁၁၈) ၊ ၆ လွှာ(B)၊ ဘိုကလေးစျေးလမ်း၊ (၈) ရပ်ကွက်၊ ဗိုလ်တထောင်မြို့နယ်၊ ရန်ကုန်တိုင်းဒေသကြီး။,"09-5007348, 01-667880 (ဦးခင်ဇော်), 09-73247887(ဦးကျော်မင်း)",http://uecmyanmar.org/images/stories/policals_policies/56Democracy%20and%20Human%20Rights%20Party.pdf
လူမျိုးပေါင်းစုံဒီမိုကရေစီပါတီ(ကယားပြည်နယ်),All Nationals' Democracy Party Kayah State,AND,6.5.2013,17,ဦးဖိုးရယ် ၊ ဦးဆော်လမွန်,12.6.2013,27.6.2013,1.8.2013,64,https://storage.googleapis.com/staticassets/political/57flag.png,https://storage.googleapis.com/staticassets/political/57logo.jpg,ဦးဖိုးရယ် ၊ ဦးရှေးဖဲ,ကယားပြည်နယ်အတွင်း,န/၁၀၁၊သီရိဒေါလမ်း၊ နောင်ယား(က)ရပ်ကွက်၊ လွိုင်ကော်မြို့နယ်၊ ကယားပြည်နယ်။   ,"083-40251(ဦးဖိုးရယ်), 09-428006603(ဦးဆော်လမွန်)",http://uecmyanmar.org/images/stories/policals_policies/57/57.1.pdf
ကယားလူမျိုးစုဒီမိုကရေစီပါတီ,Kayah Unity Democracy Party,KUDP,10.4.2013,16,ဦးစောဒယ်နီယယ် ၊ ဦးနိုင်နိုင်ထွေး,11.6.2013,28.6.2013,9.8.2013,65,https://storage.googleapis.com/staticassets/political/58flag.jpg,https://storage.googleapis.com/staticassets/political/58logo.jpg,ဦးစောဒယ်နီယယ် ၊ ဦးစိုင်းနိုင်နိုင်ထွေး,ကယားပြည်နယ်အတွင်း,အမှတ်(၄၇)၊ ဟော်ကြီးလမ်း၊ မင်္ဂလာရပ်ကွက်၊ လွိုင်ကော်မြို့နယ်၊ ကယားပြည်နယ်။,"09-49354351(ဦးစောဒယ်နီယယ်), 09-49403054(ဦးထွန်းကြိုင်)",http://uecmyanmar.org/images/stories/policals_policies/58Kayah%20Unity%20Democracy%20Party%20KUDP.pdf
အမျိုးသားတိုးတက်မြင့်မားရေးပါတီ,National Prosperity Party,,30.4.2013,19,ဦးအောင်နိုင်ထွန်း ၊ ဦးဇေယျာဝင်းမြင့်,17.9.2013,17.10.2013,4.12.2013,66,https://storage.googleapis.com/staticassets/political/59flg.jpg,https://storage.googleapis.com/staticassets/political/59logo.jpg,,ပြည်ထောင်စုတစ်ဝန်းလုံး,အမှတ်(၁၇)၊ တတိယထပ်၊ မလွှကုန်းလမ်း၊ ကျောက်မြောင်းရပ်ကွက်၊တာမွေမြို့နယ်  ,"09-49364232, 09-428034363",http://uecmyanmar.org/images/stories/policals_policies/59National%20Prosperity%20Party.pdf
ကချင်ပြည်နယ်ဒီမိုကရေစီပါတီ,Kachin State Democracy Party,,28.8.2013,17,ဦးမနာမ်တူးဂျာ ၊ ဦးဇော်မိုးနော်,30.10.2013,11.11.2013,10.12.2013,67,https://storage.googleapis.com/staticassets/political/60flg.jpg,https://storage.googleapis.com/staticassets/political/60logo.jpg,,ကချင်ပြည်နယ်အတွင်း,အမှတ်(၃၈၆)၊ ယုဇနရပ်ကွက်၊မြစ်ကြီးနားမြို့နယ်၊ကချင်ပြည်နယ်,"09-2400386, 09-400021530",http://uecmyanmar.org/images/stories/policals_policies/60%20Kachin%20State%20Democracy%20Party.pdf
ကချင်အမျိုးသားများဒီမိုကရေစီကွန်ဂရက်ပါတီ,The Kachin National Congress for Democracy,,8.8.2013,19,ဦးစီစီနော်ဂျာ၊ ဦးအောင်လ,22.10.2013,11.11.2013,11.12.2013,68,https://storage.googleapis.com/staticassets/political/kncd-flag.jpg,https://storage.googleapis.com/staticassets/political/kncd-logo.jpg,,ကချင်ပြည်နယ်အတွင်း,အမှတ်(၃၂၇)၊ ဒူကထောင်ရပ်ကွက်၊မြစ်ကြီးနားမြို့နယ်၊ကချင်ပြည်နယ်,09-400026208,http://uecmyanmar.org/images/stories/policals_policies/61%20The%20Kachin%20National%20Congress%20for%20Democracy.pdf
လီဆူအမျိုးသားဖွံ့ဖြိုးတိုးတက်ရေးပါတီ(ဒူးလေးပါတီ),Lisu National Development Party,L.N.P.P,14.8.2013,17,ဦးအားခီဒါဝူ,29.10.2013,14.11.2013,17.12.2013,69,https://storage.googleapis.com/staticassets/political/62flg.jpg,https://storage.googleapis.com/staticassets/political/62logo.jpg,,ပြည်ထောင်စုတစ်ဝန်းလုံး,အမှတ် (၂၈၅) ၊ နိဗ္ဗာန်လမ်း ၊ အိုးလုပ်ရပ် ၊ ထားဝယ်မြို့ ၊ တနင်္သာရီတိုင်းဒေသကြီး။,"09-47010061, 074-28192",http://uecmyanmar.org/images/stories/policals_policies/62%20Lisu%20National%20Development%20Party.pdf
ထားဝယ်တိုင်းရင်းသားများပါတီ,Dawei Nationalities Party,,16.7.2013,19,ဦးမောင်မောင်အေး၊ ဦးသန်းဆွေ,23.10.2013,20.11.2013,17.12.2013,70,https://storage.googleapis.com/staticassets/political/633flg.jpg,https://storage.googleapis.com/staticassets/political/63logo.jpg,,ပြည်ထောင်စုတစ်ဝန်းလုံး,အမှတ်(၈၇)၊ အလယ်လမ်း၊ခုံဝင်းဒပ်ရပ်၊ထားဝယ်မြို့နယ်၊တနင်္သာရီတိုင်းဒေသကြီး,"09-8595357, 09-73132317, 09-43121058",http://uecmyanmar.org/images/stories/policals_policies/63%20Dawei%20Nationalities%20Party.pdf
ဖက်ဒရယ်ပြည်ထောင်စုပါတိ,Federal Union Party,,8.8.2013,17,ဦးကမ်ကျင်ဒါးလ် ၊ ဦးစောသန်းမြင့်,28.10.2013,19.11.2013,24.12.2013,71,https://storage.googleapis.com/staticassets/political/64flg.jpg,https://storage.googleapis.com/staticassets/political/64logo.jpg,,ပြည်ထောင်စုတစ်ဝန်းလုံး,အမှတ်(၁၅)၊ ၆ လွှာ၊ ဝဲဘက်အခန်း၊ လှိုင်မြစ်လမ်း(ကမာရွတ် ဘူတာရုံလမ်း)၊ကမာရွတ်မြို့နယ်၊ ရန်ကုန်တိုင်းဒေသကြီး,"09-49347518, 09-2042996, 09-425301500",http://uecmyanmar.org/images/stories/policals_policies/64%20Federal%20Union%20Party.pdf
ကချင်ဒီမိုကရက်တစ်ပါတီ,Kachin Democratic Party,,4.9.2013,17,ဦးကွမ်ဂေါင်အောင်ခမ်း၊ ဦးဇော်ဘန်း,29.11.2013,10.12.2013,13.1.2014,72,https://storage.googleapis.com/staticassets/political/65flag.gif,https://storage.googleapis.com/staticassets/political/65logo.gif,,ကချင်ပြည်နယ်အတွင်း,အမှတ် (၁၂)၊ ၅ လွှာ (အေ)၊ မြဝတီလမ်း၊ မြေနီကုန်း(မြောက်)ရပ်ကွက်၊ စမ်းချောင်းမြို့နယ်,09-420058863(ဥက္ကဌ),http://uecmyanmar.org/images/stories/policals_policies/65kachin%20Demoratic%20Party.pdf
ပြည်ထောင်စုပအိုဝ်းအမျိုးသားအဖွဲ့ချုပ် (ပ.အ.မ.ဖ)ပါတီ,Union Pa.O National Organization,,12.9.2013,15,ဦးခွန်အောင်စစ်၊ ဦးခွန်စိုးမြင့်,18.1.2013,6.12.2013,23.1.2014,73,https://storage.googleapis.com/staticassets/political/66flag.gif,https://storage.googleapis.com/staticassets/political/66logo.gif,,ပြည်ထောင်စုတစ်ဝန်းလုံး,အိမ်အမှတ် (ည/၁၀၉၄)၊ နယ်မြေ (၃)၊ အနောက်မြို့ပတ်လမ်း၊ ညောင်ဖြူ စခန်း ရပ်ကွက်၊ တောင်ကြီးမြို့,09-420091079(ဥက္ကဌ),http://uecmyanmar.org/images/stories/policals_policies/66Union%20Pao%20National%20Organization123.rar
ရခိုင်အမျိုးသားပါတီ,Arakan National Party,,8.11.2013,30,ဦးအေးသာအောင်၊ဒေါက်တာ အေးမောင်,13.1.2013,27.1.2014,6.3.2014,74,https://storage.googleapis.com/staticassets/political/74.gif,https://storage.googleapis.com/staticassets/political/74logo.gif,,ပြည်ထောင်စုတစ်ဝန်းလုံး,အမှတ်(၃၉၃)၊ လမ်းမကြီး လမ်းမတော် တောင် ရပ်ကွက်၊ စစ်တွေမြို့၊ ရခိုင်ပြည်နယ်။,"09-420102368(ဦးအေးသာအောင်), 09-43034111(ဒေါက်တာအေးမောင်)",Download PDF
ချင်းဒီမိုကရေစီအဖွဲ့ချုပ်,0,,11.4.2014,20,ဦးငိုင်ဆော့ခ်၊ ဆလိုင်းဝုမ်ဇပြောင်,6.6.2014,16.6.2014,15.7.2014,75,https://storage.googleapis.com/staticassets/political/fpty-chindemocracy-flag.gif,https://storage.googleapis.com/staticassets/political/fpty-chindemocracy_logo1.gif,,ပြည်ထောင်စုတစ်ဝန်းလုံး,အမှတ်(၁၀၉၇) ၊ ပြည်ထောင်စုလမ်းမ ၊ (၄၅)ရပ်ကွက် ၊ ဒဂုံမြို့သစ် (မြောက်ပိုင်း) မြို့နယ်,"09-5160784, 09861896(ဦးငိုင်ဆော့ခ်)",http://uecmyanmar.org/images/stories/pdf/chindemocrayparty66.pdf
ခူမီး(ခမီး)အမျိုးသားပါတီ,[KHUMI (KHAMI) NATIONAL PARTY],,25.11.2013,16,ဦးကျော်ထွန်း၊ ဦးပြင်အောင်,23.5.2014,10.6.2014,16.7.2014,76,https://storage.googleapis.com/staticassets/political/fpty_khume_flag.gif,https://storage.googleapis.com/staticassets/political/fpty_khume_logo.gif,,ချင်းပြည်နယ်အတွင်း,အမှတ်(၆)၊ ဆိပ်ကမ်းသာလမ်း၊ ရိက္ခာရပ်ကွက်၊ ပလက်ဝမြို့နယ်၊ ချင်းပြည်နယ်။,"09-49678830(ဦးအေးထွန်း), 01-3331451(ဖက်စ်), 01-3331452",http://uecmyanmar.org/images/stories/pdf/khumee67.pdf
လူ့ဘောင်သစ် ဒီမိုကရက်တစ် ပါတီ,Democratic Party For a New Society,,17-12-2013,21,ဦးအောင်မိုးဇော်၊ ဦးမြင့်နိုင် (ခ) ခွန်ရဲသွေး,12-5-2014,20-5-2014,24-10-2014,77,https://storage.googleapis.com/staticassets/political/24-11-2014-lubaung-flag.jpg,https://storage.googleapis.com/staticassets/political/24-11-2014-lubaung-logo.jpg,,ပြည်ထောင်စုတစ်ဝန်းလုံး,အမှတ်(၂၅၁)၊ တတိယထပ်၊ ဆိပ်ကမ်းသာလမ်း၊ ကျောက်တံတားမြို့နယ်,"09-420148501, 09-31106242",Download PDF
ကရင် အမျိုးသား ပါတီ,Karen National Party,,2-6-2014,15,မန်းကျော်ငြိမ်း၊ မန်းမြင့်စိုး,16-7-2014,11-8-2014,24-10-2014,78,https://storage.googleapis.com/staticassets/political/24-11-2014-karen-flag.jpg,https://storage.googleapis.com/staticassets/political/24-11-2014-karen-logo.jpg,,ပြည်ထောင်စုတစ်ဝန်းလုံး,အမှတ်(၆၃၆)၊ ခဝဲခြံ(၁) လမ်း၊ အနောက် ကြို့ကုန်းရပ်ကွက်၊ အင်းစိန် မြို့နယ်၊,"09-49329849, 09-448021923",Download PDF
မြန်မာနိုင်ငံ တောင်သူ လယ်သမား အလုပ်သမား ပြည်သူ့ပါတီ,People`s Party of Myanmar Farmers And Workers,,24-7-2014,22,ဦးအောင်မျိုးခိုင်၊ ဦးကိုကိုလွင်,22-9-2014,14-10-2014,9-12-2014,79,https://storage.googleapis.com/staticassets/political/PPMF-flag.jpg,https://storage.googleapis.com/staticassets/political/PPMF-logo.jpg,,ပြည်ထောင်စုတစ်ဝန်းလုံး,အမှတ်(၂)၊ တကောင်းဘုရားလမ်း၊ (၄)ရပ်ကွက်၊ ပုသိမ်မြို့၊ ဧရာဝတီတိုင်းဒေသကြီး,09-422529069(ဦးအောင်မျိုးခိုင်)09-49764573(ဦးကိုကိုလွင်),http://uecmyanmar.org/images/stories/pdf/79%20PPMFW.pdf
မြိုအမျိုးသားဒီမိုကရေစီပါတီ ,0,,26.8.2014,23,ဦးမောင်မြထွန်း၊ဦးမောင်စံအောင်,18.12.2014,6.1.2015,9.2.2015,80,https://storage.googleapis.com/staticassets/political/71-mroflg.jpg,https://storage.googleapis.com/staticassets/political/71-mrologo.jpg,,ပြည်ထောင်စုတစ်ဝန်းလုံး,အမှတ် (၁၄၄)၊ ဗုဒ္ဓဂါယာရပ်ကွက်၊ မြို့သစ်ရပ်၊ အောင်တပ် ရပ်ကွက်၊ မြောက်ဦးမြို့၊ ရခိုင်ပြည်နယ်,09-74050743(ဦးမောင်မြထွန်း),0
ဓနုအမျိုးသားများအဖွဲ့ချုပ်ပါတီ,Danu National Organization Party,,30.10.2014,36,ဒေါ်ချောနု၊ဒေါ်လေးလေးဖြူ,9.2.2015,27.2.2015,27.4.2015,81,https://storage.googleapis.com/staticassets/political/dnop-flag.jpg,https://storage.googleapis.com/staticassets/political/dnop-logo.jpg,,ရှမ်းပြည်နယ်အတွင်း,အိမ်အမှတ် (ဈ-၃၄၈)၊ သစ္စာလမ်း၊ စျေးတန်း (တောင်ပိုင်း) ရပ်ကွက်၊ ရွာငံမြို့၊ ရှမ်းပြည်နယ်,09-49357844,0
ပြည်သူ့အကျိုးပြုကျောင်းသားများဒီမိုကရေစီပါတီ,Public Contribute Students Democracy Party,,25.11.2014,20,ဦးမင်းမင်းထွန်း၊ဦးဌေးအောင်,9.3.2015,17.3.2015,28.4.2015,82,https://storage.googleapis.com/staticassets/political/pcsdp-flag.jpg,https://storage.googleapis.com/staticassets/political/pcsdp-logo.jpg,,ပြည်ထောင်စုတစ်ဝန်းလုံး,အမှတ် (၃၆၆/က)၊ ဦးပုညလမ်း၊ အမှတ် (၈) ရပ်ကွက်၊ လှိုင်သာယာမြို့နယ်၊ ရန်ကုန်တိုင်းဒေသကြီး,"09-421037988(ဦးမင်းမင်းထွန်း), 09-420020083(ဦးအောင်ဆန်း)",0
လမ်းပြကြယ်ပါတီ,Guiding Star Party,,27.8.2014,17,ဦးအေးမြင့်၊ ဦးထွန်းနိုင် (ခ) ဦးတိုးနိုင်,6.3.2015,25.3.2015,20.5.2015,83,https://storage.googleapis.com/staticassets/political/74-flg-gsp.jpg,https://storage.googleapis.com/staticassets/political/74-lolgo-gsp.jpg,,ပြည်ထောင်စုတစ်ဝန်းလုံး,အမှတ်(၁၅၃၆)၊ (၆) လမ်း၊ အလင်းရောင် (၁) ရပ်ကွက်၊ ပဲခူးမြို့ ၊ ပဲခူးတိုင်းဒေသကြီး,"09-428168297(ဦးခင်ဇော်), 057-40022(ဖက်စ်)",0
ရှမ်းနီ (တိုင်းလိုင်) နှင့် မြောက်ပိုင်းရှမ်းမျိုးနွယ်စုများ သွေးစည်းညီညွတ်ရေးပါတီ,Shan-ni & Northern Shan ethnics solidarity party,S.N.S.P,19.11.2014,19,ဦးစောဝင်းထွန်း၊ ဦးအောင်ခင်း,9.3.2015,25.3.2015,20.5.2015,84,https://storage.googleapis.com/staticassets/political/75-Shanni-Flag.png,https://storage.googleapis.com/staticassets/political/75-Shanni-Logo.png,,ပြည်ထောင်စုတစ်ဝန်းလုံး,အမှတ် (ဓ-၁/၇၀-ခ)၊ ကံ့ကော်လမ်း၊ ၄၀x၄၁ နှင့် ၆၇x၆၈ လမ်းကြား၊ မဟာမြိုင် (၁) ရပ်ကွက်၊ မဟာအောင်မြေမြို့နယ်၊ မန္တလေးတိုင်းဒေသကြီး,"09-91010315, 09-2016916(ဦးစော၀င်းထွန်း), 09-5192700(ဦးအောင်ခင်း)",0
လူ့ဘောင်သစ်ပါတီ,New Society Party,,4.3.2014,16,ဦးဇေယျ၊ ဦးကျော်လင်း,6.3.2015,9.3.2015,3.6.2015,85,https://storage.googleapis.com/staticassets/political/76-NSP-Flag.jpg,https://storage.googleapis.com/staticassets/political/76-NSP-Logo.jpg,,ပြည်ထောင်စုတစ်ဝန်းလုံး,အမှတ် (၁၀၆/၁၀၈)၊မြန်မာ့ဂုဏ်ရည်လမ်း (၉၁ လမ်းထိပ်)၊ မင်္ဂလာတောင်ညွန့်မြို့နယ်၊ ရန်ကုန်တိုင်းဒေသကြီး,09-73248567(ဦးဇေယျ),0
